{
  "fitted": {
    "ar_latency_us": 50.0,
    "ar_bw_gbs": 30.0,
    "intra_ar_latency_us": 13.63924806042479,
    "step_floor_ms": 14.181720854501243,
    "c_mb_ms": 3.087863211493601,
    "c_chunk_ms": 15.788886011570177,
    "overlap_eta": 1.0,
    "prefill_overlap": 0.1577257920545411
  },
  "loss": 0.3761214196532446,
  "note": "global fit on 4-model calibration (robust clipped-MAE loss)"
}